benchmark,knob,level,n,median_runtime_s,median_energy_j,mean_runtime_s,mean_energy_j,std_energy_j
babelstream,BOARD_POWER_LIMIT_CONTROL,default,50,34.8392,116751.29,34.8478,116789.57,762.81
babelstream,BOARD_POWER_LIMIT_CONTROL,lit_2000W,50,111.8694,195257.37,111.5422,197212.10,8019.78
babelstream,BOARD_POWER_LIMIT_CONTROL,lit_2500W,50,62.8485,125904.18,63.4581,127293.08,4527.28
babelstream,BOARD_POWER_LIMIT_CONTROL,lit_3000W,50,48.8010,115067.51,48.8737,115124.75,1080.37
babelstream,BOARD_POWER_LIMIT_CONTROL,lit_3500W,50,35.2477,104906.26,35.2845,104958.85,1012.54
babelstream,BOARD_POWER_LIMIT_CONTROL,lit_4000W,50,34.8077,115675.08,34.8240,115635.78,768.16
babelstream,BOARD_POWER_LIMIT_CONTROL,lit_4500W,50,34.8249,116072.95,34.8493,115970.02,687.52
babelstream,BOARD_POWER_LIMIT_CONTROL,lit_5000W,50,34.8022,115741.34,34.8327,115868.37,845.05
babelstream,BOARD_POWER_LIMIT_CONTROL,lit_5500W,50,34.8969,116266.34,34.9540,116200.09,875.31
babelstream,BOARD_POWER_TIME_WINDOW_CONTROL,default,50,34.8421,115885.87,34.8436,115900.08,715.52
babelstream,BOARD_POWER_TIME_WINDOW_CONTROL,rb_double,50,34.8784,115989.81,34.8884,116002.07,806.62
babelstream,BOARD_POWER_TIME_WINDOW_CONTROL,rb_half,50,34.8305,115906.86,34.8879,116051.84,729.83
babelstream,CPU_FREQUENCY_MAX_CONTROL,default,50,34.8267,116007.62,34.8706,116016.71,844.67
babelstream,CPU_FREQUENCY_MAX_CONTROL,lit_1_0GHz,50,34.8273,97175.92,34.8385,97225.27,876.11
babelstream,CPU_FREQUENCY_MAX_CONTROL,lit_1_2GHz,50,34.8293,99902.12,34.8249,99865.11,805.89
babelstream,CPU_FREQUENCY_MAX_CONTROL,lit_1_6GHz,50,34.8138,103597.34,34.8285,103683.24,752.88
babelstream,CPU_FREQUENCY_MAX_CONTROL,lit_2_0GHz,50,34.8073,111550.17,34.8280,111616.10,768.97
babelstream,CPU_FREQUENCY_MAX_CONTROL,lit_2_5GHz,50,34.7837,113486.71,34.8013,113446.81,796.95
babelstream,CPU_FREQUENCY_MAX_CONTROL,lit_3_0GHz,50,34.8450,115004.49,34.8785,115022.32,780.44
babelstream,CPU_FREQUENCY_MAX_CONTROL,lit_3_5GHz,50,34.7970,115797.94,34.8028,115826.27,748.15
babelstream,CPU_POWER_LIMIT_CONTROL,default,50,34.7851,115718.86,34.7815,115762.23,715.89
babelstream,CPU_POWER_LIMIT_CONTROL,tdp_100,50,34.8237,115804.39,34.8334,115898.79,802.73
babelstream,CPU_POWER_LIMIT_CONTROL,tdp_30,50,34.9291,44623.71,34.9605,45449.56,3544.63
babelstream,CPU_POWER_LIMIT_CONTROL,tdp_40,50,34.8847,44188.07,34.9133,44632.09,4174.26
babelstream,CPU_POWER_LIMIT_CONTROL,tdp_50,50,34.9282,107494.58,34.9665,107178.75,2077.49
babelstream,CPU_POWER_LIMIT_CONTROL,tdp_60,50,34.8404,112650.49,34.8512,112355.96,1634.71
babelstream,CPU_POWER_LIMIT_CONTROL,tdp_70,50,34.7872,114665.84,34.8220,114768.86,779.90
babelstream,CPU_POWER_LIMIT_CONTROL,tdp_80,50,34.8138,115984.82,34.8460,115914.42,837.84
babelstream,CPU_POWER_LIMIT_CONTROL,tdp_90,50,34.7843,115863.28,34.8560,116001.99,897.03
babelstream,CPU_POWER_TIME_WINDOW_CONTROL,default,50,34.8366,115946.29,34.8384,115874.20,844.75
babelstream,CPU_POWER_TIME_WINDOW_CONTROL,rb_double,50,34.7791,115724.95,34.8080,115861.46,732.24
babelstream,CPU_POWER_TIME_WINDOW_CONTROL,rb_half,50,34.7918,115845.72,34.8347,115904.75,779.74
babelstream,CPU_UNCORE_FREQUENCY_MAX_CONTROL,default,50,34.8350,115895.02,34.8568,115829.62,1020.82
babelstream,CPU_UNCORE_FREQUENCY_MAX_CONTROL,lit_0_8GHz,50,34.8040,111195.78,34.8399,111219.84,774.63
babelstream,CPU_UNCORE_FREQUENCY_MAX_CONTROL,lit_1_2GHz,50,34.8135,111481.14,34.8428,111537.37,697.42
babelstream,CPU_UNCORE_FREQUENCY_MAX_CONTROL,lit_1_6GHz,50,34.8793,112547.50,34.8585,112536.52,706.28
babelstream,CPU_UNCORE_FREQUENCY_MAX_CONTROL,lit_2_0GHz,50,34.8184,114257.09,34.8359,114223.73,845.06
babelstream,CPU_UNCORE_FREQUENCY_MAX_CONTROL,lit_2_3GHz,50,34.8116,115769.26,34.8373,115905.02,864.77
babelstream,DRAM_POWER_LIMIT_CONTROL,default,50,34.7712,115783.01,34.7758,115792.10,760.19
babelstream,DRAM_POWER_LIMIT_CONTROL,rb_100,50,34.9032,116104.80,34.9288,116184.10,756.52
babelstream,DRAM_POWER_LIMIT_CONTROL,rb_30,50,34.8214,115929.59,34.8156,115905.55,868.68
babelstream,DRAM_POWER_LIMIT_CONTROL,rb_40,50,34.8018,115826.97,34.8648,115995.22,799.15
babelstream,DRAM_POWER_LIMIT_CONTROL,rb_50,50,34.8256,116058.45,34.8188,115903.18,955.03
babelstream,DRAM_POWER_LIMIT_CONTROL,rb_60,50,34.8973,116079.79,34.8984,116133.43,673.98
babelstream,DRAM_POWER_LIMIT_CONTROL,rb_70,50,34.8744,115993.55,34.8251,115918.73,902.81
babelstream,DRAM_POWER_LIMIT_CONTROL,rb_80,50,34.8102,115950.30,34.8426,115978.65,888.96
babelstream,DRAM_POWER_LIMIT_CONTROL,rb_90,50,34.8105,116008.03,34.8087,115875.96,749.38
babelstream,GPU_CORE_FREQUENCY_MAX_CONTROL,default,50,34.8188,115833.79,34.8613,115991.87,920.41
babelstream,GPU_CORE_FREQUENCY_MAX_CONTROL,lit_0_4GHz,50,72.0146,167249.27,71.7740,167780.39,4583.14
babelstream,GPU_CORE_FREQUENCY_MAX_CONTROL,lit_0_6GHz,50,47.9164,130326.52,47.8878,130576.75,3041.78
babelstream,GPU_CORE_FREQUENCY_MAX_CONTROL,lit_0_8GHz,50,37.2384,114324.70,38.1148,115400.12,4273.77
babelstream,GPU_CORE_FREQUENCY_MAX_CONTROL,lit_1_0GHz,50,35.1490,113485.21,35.1309,113468.03,1001.95
babelstream,GPU_CORE_FREQUENCY_MAX_CONTROL,lit_1_2GHz,50,34.8792,115759.30,34.8771,115708.44,723.03
babelstream,GPU_CORE_FREQUENCY_MAX_CONTROL,lit_1_4GHz,50,34.8278,115746.23,34.8840,115872.38,843.70
babelstream,GPU_CORE_FREQUENCY_MAX_CONTROL,lit_1_6GHz,50,34.8461,116049.01,34.8468,116059.28,746.07
babelstream,GPU_POWER_TIME_WINDOW_CONTROL,default,50,34.8176,115870.49,34.8039,115792.39,727.16
babelstream,GPU_POWER_TIME_WINDOW_CONTROL,rb_double,50,34.8378,115840.44,34.8364,115879.96,759.32
babelstream,GPU_POWER_TIME_WINDOW_CONTROL,rb_half,50,34.7798,115779.75,34.8234,115861.21,840.77
babelstream,LEVELZERO::GPU_CORE_PERFORMANCE_FACTOR_CONTROL,default,50,34.7864,115672.24,34.8160,115769.20,886.45
babelstream,LEVELZERO::GPU_CORE_PERFORMANCE_FACTOR_CONTROL,lit_0_0,50,35.1581,117173.12,35.3519,117618.26,1594.54
babelstream,LEVELZERO::GPU_CORE_PERFORMANCE_FACTOR_CONTROL,lit_0_2,50,34.9072,116193.12,34.9480,116369.69,888.69
babelstream,LEVELZERO::GPU_CORE_PERFORMANCE_FACTOR_CONTROL,lit_0_4,50,34.7522,115575.69,34.7757,115670.28,904.16
babelstream,LEVELZERO::GPU_CORE_PERFORMANCE_FACTOR_CONTROL,lit_0_5,50,34.8505,115820.04,34.8328,115862.81,831.93
babelstream,LEVELZERO::GPU_CORE_PERFORMANCE_FACTOR_CONTROL,lit_0_6,50,35.0011,116314.30,35.0564,116481.24,922.14
babelstream,LEVELZERO::GPU_CORE_PERFORMANCE_FACTOR_CONTROL,lit_0_8,50,35.5546,117884.57,35.5850,118033.52,764.01
babelstream,LEVELZERO::GPU_CORE_PERFORMANCE_FACTOR_CONTROL,lit_1_0,50,37.3003,120462.93,37.2930,120459.52,846.32
cpu-dgemm,BOARD_POWER_LIMIT_CONTROL,default,50,23.3596,48243.11,23.7056,49041.12,3734.25
cpu-dgemm,BOARD_POWER_LIMIT_CONTROL,lit_2000W,50,62.3207,103764.17,61.6541,103437.19,36398.79
cpu-dgemm,BOARD_POWER_LIMIT_CONTROL,lit_2500W,50,22.5510,45926.72,23.0296,46971.62,4806.74
cpu-dgemm,BOARD_POWER_LIMIT_CONTROL,lit_3000W,50,23.1490,47503.01,23.4033,48227.22,3786.13
cpu-dgemm,BOARD_POWER_LIMIT_CONTROL,lit_3500W,50,23.3586,48011.39,23.4399,48431.12,3152.05
cpu-dgemm,BOARD_POWER_LIMIT_CONTROL,lit_4000W,50,23.1038,47695.87,23.6231,48826.23,4357.94
cpu-dgemm,BOARD_POWER_LIMIT_CONTROL,lit_4500W,50,23.1792,48001.09,23.7087,49225.63,4302.89
cpu-dgemm,BOARD_POWER_LIMIT_CONTROL,lit_5000W,50,23.2777,48242.33,23.5303,48634.88,3340.29
cpu-dgemm,BOARD_POWER_LIMIT_CONTROL,lit_5500W,50,23.4001,48668.84,23.8664,49523.87,3929.67
cpu-dgemm,BOARD_POWER_TIME_WINDOW_CONTROL,default,50,23.6001,48987.58,23.8036,49392.86,3358.14
cpu-dgemm,BOARD_POWER_TIME_WINDOW_CONTROL,rb_double,50,23.6791,49241.46,24.0121,49929.52,3838.61
cpu-dgemm,BOARD_POWER_TIME_WINDOW_CONTROL,rb_half,50,23.5805,48750.72,23.6671,49107.69,3467.05
cpu-dgemm,CPU_FREQUENCY_MAX_CONTROL,default,50,23.7672,49574.46,23.8978,49627.04,4549.69
cpu-dgemm,CPU_FREQUENCY_MAX_CONTROL,lit_1_0GHz,50,48.0096,86834.29,48.1744,86837.60,3261.17
cpu-dgemm,CPU_FREQUENCY_MAX_CONTROL,lit_1_2GHz,50,40.6723,74573.43,40.8786,74506.13,2876.55
cpu-dgemm,CPU_FREQUENCY_MAX_CONTROL,lit_1_6GHz,50,31.1190,58088.74,31.2104,58118.38,3051.01
cpu-dgemm,CPU_FREQUENCY_MAX_CONTROL,lit_2_0GHz,50,25.4092,50398.75,25.5496,50797.16,2408.19
cpu-dgemm,CPU_FREQUENCY_MAX_CONTROL,lit_2_5GHz,50,23.9358,48584.01,24.1705,49110.81,3486.94
cpu-dgemm,CPU_FREQUENCY_MAX_CONTROL,lit_3_0GHz,50,23.6003,48897.37,23.7293,48629.66,3237.02
cpu-dgemm,CPU_FREQUENCY_MAX_CONTROL,lit_3_5GHz,50,23.6062,49057.33,23.9645,49884.25,4228.14
cpu-dgemm,CPU_POWER_LIMIT_CONTROL,default,50,23.2313,47710.80,23.5397,48679.32,3410.58
cpu-dgemm,CPU_POWER_LIMIT_CONTROL,tdp_100,50,23.3849,47997.02,23.7412,49214.89,4450.12
cpu-dgemm,CPU_POWER_LIMIT_CONTROL,tdp_30,50,184.3128,322200.27,184.3079,321629.51,6599.98
cpu-dgemm,CPU_POWER_LIMIT_CONTROL,tdp_40,50,184.1924,322245.71,184.2628,321764.46,6649.06
cpu-dgemm,CPU_POWER_LIMIT_CONTROL,tdp_50,50,173.1728,340600.68,174.7704,342849.94,15802.07
cpu-dgemm,CPU_POWER_LIMIT_CONTROL,tdp_60,50,63.9522,128468.21,64.7052,128504.67,13162.30
cpu-dgemm,CPU_POWER_LIMIT_CONTROL,tdp_70,50,43.3420,88000.59,43.9938,89188.86,7545.22
cpu-dgemm,CPU_POWER_LIMIT_CONTROL,tdp_80,50,32.7966,67085.93,33.7435,69315.50,7119.88
cpu-dgemm,CPU_POWER_LIMIT_CONTROL,tdp_90,50,26.8429,55483.30,27.4744,56649.02,5709.04
cpu-dgemm,CPU_POWER_TIME_WINDOW_CONTROL,default,50,23.2157,48477.63,23.8245,49386.72,4133.51
cpu-dgemm,CPU_POWER_TIME_WINDOW_CONTROL,rb_double,50,23.7630,49355.35,23.8932,49626.78,3701.25
cpu-dgemm,CPU_POWER_TIME_WINDOW_CONTROL,rb_half,50,23.4604,49102.17,23.9218,49628.50,4083.05
cpu-dgemm,CPU_UNCORE_FREQUENCY_MAX_CONTROL,default,50,23.2682,47396.40,23.5953,48419.03,3658.64
cpu-dgemm,CPU_UNCORE_FREQUENCY_MAX_CONTROL,lit_0_8GHz,50,21.9631,43910.03,22.1820,43918.99,3526.53
cpu-dgemm,CPU_UNCORE_FREQUENCY_MAX_CONTROL,lit_1_2GHz,50,22.9374,45979.59,23.5708,47418.11,5880.58
cpu-dgemm,CPU_UNCORE_FREQUENCY_MAX_CONTROL,lit_1_6GHz,50,22.9676,46743.83,23.2660,47342.36,2998.88
cpu-dgemm,CPU_UNCORE_FREQUENCY_MAX_CONTROL,lit_2_0GHz,50,22.8368,46567.35,23.1082,47311.25,2936.93
cpu-dgemm,CPU_UNCORE_FREQUENCY_MAX_CONTROL,lit_2_3GHz,50,23.2560,47892.79,23.6075,48793.25,3456.29
cpu-dgemm,DRAM_POWER_LIMIT_CONTROL,default,50,23.3738,48726.56,23.7989,49377.36,3898.82
cpu-dgemm,DRAM_POWER_LIMIT_CONTROL,rb_100,50,23.3185,48244.70,23.5311,48753.74,3667.49
cpu-dgemm,DRAM_POWER_LIMIT_CONTROL,rb_30,50,23.4327,49142.62,23.8917,49674.22,4473.79
cpu-dgemm,DRAM_POWER_LIMIT_CONTROL,rb_40,50,23.8156,49481.95,24.0690,50070.79,4823.86
cpu-dgemm,DRAM_POWER_LIMIT_CONTROL,rb_50,50,23.3900,48621.09,23.6897,49140.58,3987.32
cpu-dgemm,DRAM_POWER_LIMIT_CONTROL,rb_60,50,23.3910,48391.47,23.8125,49440.44,3838.64
cpu-dgemm,DRAM_POWER_LIMIT_CONTROL,rb_70,50,23.5606,49349.56,23.8762,49562.46,3405.30
cpu-dgemm,DRAM_POWER_LIMIT_CONTROL,rb_80,50,23.5379,49084.50,23.8572,49582.61,4359.57
cpu-dgemm,DRAM_POWER_LIMIT_CONTROL,rb_90,50,23.3713,48804.83,23.6310,48988.79,3973.98
cpu-dgemm,GPU_CORE_FREQUENCY_MAX_CONTROL,default,50,23.3171,48171.37,23.6179,48813.56,3409.99
cpu-dgemm,GPU_CORE_FREQUENCY_MAX_CONTROL,lit_0_4GHz,50,23.3017,42038.68,23.8812,43124.70,4091.78
cpu-dgemm,GPU_CORE_FREQUENCY_MAX_CONTROL,lit_0_6GHz,50,23.3617,42489.89,23.9715,43608.83,3864.59
cpu-dgemm,GPU_CORE_FREQUENCY_MAX_CONTROL,lit_0_8GHz,50,23.4007,42678.44,23.8557,43685.80,3859.82
cpu-dgemm,GPU_CORE_FREQUENCY_MAX_CONTROL,lit_1_0GHz,50,23.1979,42735.56,23.5868,43619.13,3506.54
cpu-dgemm,GPU_CORE_FREQUENCY_MAX_CONTROL,lit_1_2GHz,50,23.5088,44331.12,23.5385,44221.01,2926.28
cpu-dgemm,GPU_CORE_FREQUENCY_MAX_CONTROL,lit_1_4GHz,50,23.0388,44524.21,23.3139,44839.18,2803.50
cpu-dgemm,GPU_CORE_FREQUENCY_MAX_CONTROL,lit_1_6GHz,50,22.9916,42075.86,23.3256,42829.10,2771.04
cpu-dgemm,GPU_POWER_TIME_WINDOW_CONTROL,default,50,23.8371,49384.80,24.1750,50280.22,4154.17
cpu-dgemm,GPU_POWER_TIME_WINDOW_CONTROL,rb_double,50,23.5480,48791.28,23.9655,49758.00,3811.68
cpu-dgemm,GPU_POWER_TIME_WINDOW_CONTROL,rb_half,50,23.4149,48578.87,23.7294,49298.09,3260.88
cpu-dgemm,LEVELZERO::GPU_CORE_PERFORMANCE_FACTOR_CONTROL,default,50,23.2367,48594.66,23.5494,48818.82,3354.69
cpu-dgemm,LEVELZERO::GPU_CORE_PERFORMANCE_FACTOR_CONTROL,lit_0_0,50,23.6020,49047.27,23.8325,49460.71,4201.28
cpu-dgemm,LEVELZERO::GPU_CORE_PERFORMANCE_FACTOR_CONTROL,lit_0_2,50,23.2869,48428.33,23.6596,49042.57,3591.72
cpu-dgemm,LEVELZERO::GPU_CORE_PERFORMANCE_FACTOR_CONTROL,lit_0_4,50,23.2434,48176.42,23.8255,49355.72,4562.13
cpu-dgemm,LEVELZERO::GPU_CORE_PERFORMANCE_FACTOR_CONTROL,lit_0_5,50,23.3369,48345.42,23.8445,49447.89,3892.83
cpu-dgemm,LEVELZERO::GPU_CORE_PERFORMANCE_FACTOR_CONTROL,lit_0_6,50,23.6337,47938.68,23.7743,48444.29,3104.43
cpu-dgemm,LEVELZERO::GPU_CORE_PERFORMANCE_FACTOR_CONTROL,lit_0_8,50,23.3572,45155.06,23.7129,45827.33,3348.42
cpu-dgemm,LEVELZERO::GPU_CORE_PERFORMANCE_FACTOR_CONTROL,lit_1_0,50,23.4308,42425.64,23.7706,42964.82,3096.69
dgemm-gpu,BOARD_POWER_LIMIT_CONTROL,default,50,43.4392,146201.61,43.5549,146376.15,1687.75
dgemm-gpu,BOARD_POWER_LIMIT_CONTROL,lit_2000W,50,142.3999,265641.50,140.6847,270409.24,63799.59
dgemm-gpu,BOARD_POWER_LIMIT_CONTROL,lit_2500W,50,81.0518,169597.30,81.1634,169699.99,5279.75
dgemm-gpu,BOARD_POWER_LIMIT_CONTROL,lit_3000W,50,62.3786,150424.22,62.1288,150454.98,1828.85
dgemm-gpu,BOARD_POWER_LIMIT_CONTROL,lit_3500W,50,51.4242,144998.48,51.1365,145059.11,1459.18
dgemm-gpu,BOARD_POWER_LIMIT_CONTROL,lit_4000W,50,43.2653,144694.97,43.4416,144918.39,1687.30
dgemm-gpu,BOARD_POWER_LIMIT_CONTROL,lit_4500W,50,43.2488,144936.23,43.4077,145237.10,1634.22
dgemm-gpu,BOARD_POWER_LIMIT_CONTROL,lit_5000W,50,43.2437,145048.53,43.4221,145313.77,1682.32
dgemm-gpu,BOARD_POWER_LIMIT_CONTROL,lit_5500W,50,43.3301,145041.15,43.4387,145331.41,1548.04
dgemm-gpu,BOARD_POWER_TIME_WINDOW_CONTROL,default,50,43.2498,144796.05,43.4060,145237.21,1607.82
dgemm-gpu,BOARD_POWER_TIME_WINDOW_CONTROL,rb_double,50,43.2162,144980.85,43.3948,145195.29,1664.81
dgemm-gpu,BOARD_POWER_TIME_WINDOW_CONTROL,rb_half,50,43.2813,144857.49,43.4195,145227.18,1661.08
dgemm-gpu,CPU_FREQUENCY_MAX_CONTROL,default,50,43.3139,144893.65,43.4503,145369.02,1757.37
dgemm-gpu,CPU_FREQUENCY_MAX_CONTROL,lit_1_0GHz,50,43.3310,124894.71,43.4257,125079.27,1642.25
dgemm-gpu,CPU_FREQUENCY_MAX_CONTROL,lit_1_2GHz,50,43.3113,127468.24,43.4282,127756.45,1680.41
dgemm-gpu,CPU_FREQUENCY_MAX_CONTROL,lit_1_6GHz,50,43.2766,131005.37,43.4430,131331.38,1551.21
dgemm-gpu,CPU_FREQUENCY_MAX_CONTROL,lit_2_0GHz,50,43.2737,140663.93,43.4305,140978.03,1655.47
dgemm-gpu,CPU_FREQUENCY_MAX_CONTROL,lit_2_5GHz,50,43.3046,142584.99,43.4467,142897.00,1659.70
dgemm-gpu,CPU_FREQUENCY_MAX_CONTROL,lit_3_0GHz,50,43.3119,143784.00,43.4292,144206.77,1580.48
dgemm-gpu,CPU_FREQUENCY_MAX_CONTROL,lit_3_5GHz,50,43.3017,144890.79,43.4191,145296.24,1692.89
dgemm-gpu,CPU_POWER_LIMIT_CONTROL,default,50,43.2940,144856.64,43.4437,145290.83,1663.22
dgemm-gpu,CPU_POWER_LIMIT_CONTROL,tdp_100,50,43.2161,144933.15,43.4006,145216.22,1673.36
dgemm-gpu,CPU_POWER_LIMIT_CONTROL,tdp_30,50,43.3334,72366.07,43.4195,72420.59,3469.40
dgemm-gpu,CPU_POWER_LIMIT_CONTROL,tdp_40,50,43.2683,72066.00,43.4291,72162.38,3583.09
dgemm-gpu,CPU_POWER_LIMIT_CONTROL,tdp_50,50,43.2774,136254.86,43.4131,136167.79,2586.39
dgemm-gpu,CPU_POWER_LIMIT_CONTROL,tdp_60,50,43.2805,140843.37,43.4023,141063.01,1728.32
dgemm-gpu,CPU_POWER_LIMIT_CONTROL,tdp_70,50,43.2920,143725.80,43.3946,143983.56,1643.87
dgemm-gpu,CPU_POWER_LIMIT_CONTROL,tdp_80,50,43.2452,144796.59,43.3959,145213.92,1655.97
dgemm-gpu,CPU_POWER_LIMIT_CONTROL,tdp_90,50,43.2707,144926.68,43.4101,145261.16,1616.53
dgemm-gpu,CPU_POWER_TIME_WINDOW_CONTROL,default,50,43.2876,144928.35,43.4558,145319.79,1714.07
dgemm-gpu,CPU_POWER_TIME_WINDOW_CONTROL,rb_double,50,43.2219,144801.48,43.3923,145163.34,1702.86
dgemm-gpu,CPU_POWER_TIME_WINDOW_CONTROL,rb_half,50,43.2026,144856.03,43.3818,145178.94,1670.89
dgemm-gpu,CPU_UNCORE_FREQUENCY_MAX_CONTROL,default,50,43.2452,144768.10,43.4169,144931.72,1801.53
dgemm-gpu,CPU_UNCORE_FREQUENCY_MAX_CONTROL,lit_0_8GHz,50,43.2262,137810.23,43.3784,138216.73,1550.74
dgemm-gpu,CPU_UNCORE_FREQUENCY_MAX_CONTROL,lit_1_2GHz,50,43.2546,139166.46,43.3820,139505.48,1536.15
dgemm-gpu,CPU_UNCORE_FREQUENCY_MAX_CONTROL,lit_1_6GHz,50,43.2377,140677.40,43.3939,141015.69,1533.91
dgemm-gpu,CPU_UNCORE_FREQUENCY_MAX_CONTROL,lit_2_0GHz,50,43.2696,142844.45,43.3794,143083.71,1564.92
dgemm-gpu,CPU_UNCORE_FREQUENCY_MAX_CONTROL,lit_2_3GHz,50,43.2461,144819.26,43.3868,145168.19,1632.99
dgemm-gpu,DRAM_POWER_LIMIT_CONTROL,default,50,43.2636,144959.19,43.4038,145287.10,1635.07
dgemm-gpu,DRAM_POWER_LIMIT_CONTROL,rb_100,50,43.2716,144826.62,43.4016,145235.74,1712.78
dgemm-gpu,DRAM_POWER_LIMIT_CONTROL,rb_30,50,43.2373,144847.37,43.3905,145244.08,1580.32
dgemm-gpu,DRAM_POWER_LIMIT_CONTROL,rb_40,50,43.2473,144896.51,43.3817,145210.23,1675.78
dgemm-gpu,DRAM_POWER_LIMIT_CONTROL,rb_50,50,43.2354,144922.98,43.3677,145202.04,1637.30
dgemm-gpu,DRAM_POWER_LIMIT_CONTROL,rb_60,50,43.2157,144879.31,43.3840,145232.43,1637.76
dgemm-gpu,DRAM_POWER_LIMIT_CONTROL,rb_70,50,43.2291,144955.96,43.3765,145241.95,1695.84
dgemm-gpu,DRAM_POWER_LIMIT_CONTROL,rb_80,50,43.2619,144896.22,43.3908,145228.66,1627.62
dgemm-gpu,DRAM_POWER_LIMIT_CONTROL,rb_90,50,43.2273,144798.09,43.3943,145245.38,1653.67
dgemm-gpu,GPU_CORE_FREQUENCY_MAX_CONTROL,default,50,43.2599,144719.35,43.4171,145196.29,1698.65
dgemm-gpu,GPU_CORE_FREQUENCY_MAX_CONTROL,lit_0_4GHz,50,134.1123,260219.73,134.0403,260385.43,3284.24
dgemm-gpu,GPU_CORE_FREQUENCY_MAX_CONTROL,lit_0_6GHz,50,93.1087,201857.12,92.7545,201701.58,4414.80
dgemm-gpu,GPU_CORE_FREQUENCY_MAX_CONTROL,lit_0_8GHz,50,72.4392,175008.56,74.7877,178287.72,10661.51
dgemm-gpu,GPU_CORE_FREQUENCY_MAX_CONTROL,lit_1_0GHz,50,54.1285,153165.32,54.2262,153435.91,1468.84
dgemm-gpu,GPU_CORE_FREQUENCY_MAX_CONTROL,lit_1_2GHz,50,45.2582,144963.98,45.2548,145140.05,1042.05
dgemm-gpu,GPU_CORE_FREQUENCY_MAX_CONTROL,lit_1_4GHz,50,43.3397,144933.24,43.4522,145225.60,1604.79
dgemm-gpu,GPU_CORE_FREQUENCY_MAX_CONTROL,lit_1_6GHz,50,43.3010,144907.74,43.4360,145386.59,1762.81
dgemm-gpu,GPU_POWER_TIME_WINDOW_CONTROL,default,50,43.2723,145017.04,43.4295,145245.37,1656.13
dgemm-gpu,GPU_POWER_TIME_WINDOW_CONTROL,rb_double,50,43.2861,144995.41,43.4173,145277.27,1596.18
dgemm-gpu,GPU_POWER_TIME_WINDOW_CONTROL,rb_half,50,43.2748,144922.40,43.4028,145257.88,1611.12
dgemm-gpu,LEVELZERO::GPU_CORE_PERFORMANCE_FACTOR_CONTROL,default,50,43.3040,144796.64,43.4210,145196.10,1681.87
dgemm-gpu,LEVELZERO::GPU_CORE_PERFORMANCE_FACTOR_CONTROL,lit_0_0,50,43.9706,146984.28,44.0833,147314.74,2056.09
dgemm-gpu,LEVELZERO::GPU_CORE_PERFORMANCE_FACTOR_CONTROL,lit_0_2,50,43.9684,147000.70,44.0781,147294.71,2016.46
dgemm-gpu,LEVELZERO::GPU_CORE_PERFORMANCE_FACTOR_CONTROL,lit_0_4,50,42.8652,143512.86,42.9628,143708.42,1525.23
dgemm-gpu,LEVELZERO::GPU_CORE_PERFORMANCE_FACTOR_CONTROL,lit_0_5,50,43.2860,144936.99,43.4416,145315.88,1616.37
dgemm-gpu,LEVELZERO::GPU_CORE_PERFORMANCE_FACTOR_CONTROL,lit_0_6,50,44.2676,148116.65,44.3297,148355.29,1692.94
dgemm-gpu,LEVELZERO::GPU_CORE_PERFORMANCE_FACTOR_CONTROL,lit_0_8,50,46.3909,155419.44,46.4015,155317.68,1848.76
dgemm-gpu,LEVELZERO::GPU_CORE_PERFORMANCE_FACTOR_CONTROL,lit_1_0,50,55.5523,167290.24,55.5618,167555.95,1023.56
gpu-bursty-idle,BOARD_POWER_LIMIT_CONTROL,default,50,45.0539,124082.09,45.0540,124093.48,787.79
gpu-bursty-idle,BOARD_POWER_LIMIT_CONTROL,lit_2000W,50,45.0974,71832.04,45.0985,71994.07,1743.05
gpu-bursty-idle,BOARD_POWER_LIMIT_CONTROL,lit_2500W,50,45.0599,96023.65,45.0608,95889.61,1327.27
gpu-bursty-idle,BOARD_POWER_LIMIT_CONTROL,lit_3000W,50,45.0551,109432.53,45.0552,109799.46,2399.86
gpu-bursty-idle,BOARD_POWER_LIMIT_CONTROL,lit_3500W,50,45.0539,120028.40,45.0539,120092.08,1912.77
gpu-bursty-idle,BOARD_POWER_LIMIT_CONTROL,lit_4000W,50,45.0539,123703.93,45.0546,123834.22,790.39
gpu-bursty-idle,BOARD_POWER_LIMIT_CONTROL,lit_4500W,50,45.0540,123655.41,45.0538,123756.74,771.93
gpu-bursty-idle,BOARD_POWER_LIMIT_CONTROL,lit_5000W,50,45.0539,123780.63,45.0538,123836.01,775.73
gpu-bursty-idle,BOARD_POWER_LIMIT_CONTROL,lit_5500W,50,45.0540,123748.06,45.0540,123813.92,800.01
gpu-bursty-idle,BOARD_POWER_TIME_WINDOW_CONTROL,default,50,45.0541,123707.38,45.0539,123755.77,776.02
gpu-bursty-idle,BOARD_POWER_TIME_WINDOW_CONTROL,rb_double,50,45.0537,123788.85,45.0537,123865.83,780.49
gpu-bursty-idle,BOARD_POWER_TIME_WINDOW_CONTROL,rb_half,50,45.0540,123699.51,45.0540,123833.10,774.99
gpu-bursty-idle,CPU_FREQUENCY_MAX_CONTROL,default,50,45.0540,123801.91,45.0541,123880.07,756.34
gpu-bursty-idle,CPU_FREQUENCY_MAX_CONTROL,lit_1_0GHz,50,45.1608,101241.85,45.1608,101227.22,696.17
gpu-bursty-idle,CPU_FREQUENCY_MAX_CONTROL,lit_1_2GHz,50,45.1574,104174.06,45.1574,104110.83,699.29
gpu-bursty-idle,CPU_FREQUENCY_MAX_CONTROL,lit_1_6GHz,50,45.1528,107923.92,45.1528,107974.20,718.59
gpu-bursty-idle,CPU_FREQUENCY_MAX_CONTROL,lit_2_0GHz,50,45.0551,118981.60,45.0550,119045.76,738.88
gpu-bursty-idle,CPU_FREQUENCY_MAX_CONTROL,lit_2_5GHz,50,45.0543,121106.82,45.0544,121178.57,730.23
gpu-bursty-idle,CPU_FREQUENCY_MAX_CONTROL,lit_3_0GHz,50,45.0541,122684.71,45.0540,122715.48,769.86
gpu-bursty-idle,CPU_FREQUENCY_MAX_CONTROL,lit_3_5GHz,50,45.0539,123737.37,45.0537,123836.27,768.43
gpu-bursty-idle,CPU_POWER_LIMIT_CONTROL,default,50,45.0539,123624.76,45.0559,123761.39,773.60
gpu-bursty-idle,CPU_POWER_LIMIT_CONTROL,tdp_100,50,45.0539,123752.91,45.0539,123867.78,796.38
gpu-bursty-idle,CPU_POWER_LIMIT_CONTROL,tdp_30,50,45.0949,54152.65,45.0953,54398.22,2274.14
gpu-bursty-idle,CPU_POWER_LIMIT_CONTROL,tdp_40,50,45.0944,53316.70,45.0950,53669.94,2536.85
gpu-bursty-idle,CPU_POWER_LIMIT_CONTROL,tdp_50,50,45.0637,112200.40,45.0646,111555.43,2195.43
gpu-bursty-idle,CPU_POWER_LIMIT_CONTROL,tdp_60,50,45.0556,119279.55,45.0558,119277.14,711.90
gpu-bursty-idle,CPU_POWER_LIMIT_CONTROL,tdp_70,50,45.0542,122847.09,45.0542,122887.66,742.70
gpu-bursty-idle,CPU_POWER_LIMIT_CONTROL,tdp_80,50,45.0539,123806.51,45.0541,123852.81,751.18
gpu-bursty-idle,CPU_POWER_LIMIT_CONTROL,tdp_90,50,45.0540,123773.76,45.0538,123850.25,764.41
gpu-bursty-idle,CPU_POWER_TIME_WINDOW_CONTROL,default,50,45.0539,123789.92,45.0538,123847.35,784.18
gpu-bursty-idle,CPU_POWER_TIME_WINDOW_CONTROL,rb_double,50,45.0539,123847.96,45.0538,123886.14,756.70
gpu-bursty-idle,CPU_POWER_TIME_WINDOW_CONTROL,rb_half,50,45.0541,123846.51,45.0538,123882.82,787.98
gpu-bursty-idle,CPU_UNCORE_FREQUENCY_MAX_CONTROL,default,50,45.0541,123616.75,45.0553,123660.22,776.66
gpu-bursty-idle,CPU_UNCORE_FREQUENCY_MAX_CONTROL,lit_0_8GHz,50,45.0590,115424.25,45.0592,115421.44,731.74
gpu-bursty-idle,CPU_UNCORE_FREQUENCY_MAX_CONTROL,lit_1_2GHz,50,45.0564,117331.99,45.0563,117355.90,741.39
gpu-bursty-idle,CPU_UNCORE_FREQUENCY_MAX_CONTROL,lit_1_6GHz,50,45.0551,119140.03,45.0550,119219.74,785.30
gpu-bursty-idle,CPU_UNCORE_FREQUENCY_MAX_CONTROL,lit_2_0GHz,50,45.0543,121525.08,45.0544,121616.55,764.92
gpu-bursty-idle,CPU_UNCORE_FREQUENCY_MAX_CONTROL,lit_2_3GHz,50,45.0538,123625.84,45.0537,123783.97,787.63
gpu-bursty-idle,DRAM_POWER_LIMIT_CONTROL,default,50,45.0539,123754.21,45.0538,123805.06,770.99
gpu-bursty-idle,DRAM_POWER_LIMIT_CONTROL,rb_100,50,45.0540,123886.90,45.0539,123895.93,782.58
gpu-bursty-idle,DRAM_POWER_LIMIT_CONTROL,rb_30,50,45.0539,123863.75,45.0540,123934.55,819.70
gpu-bursty-idle,DRAM_POWER_LIMIT_CONTROL,rb_40,50,45.0539,123818.18,45.0538,123924.77,792.97
gpu-bursty-idle,DRAM_POWER_LIMIT_CONTROL,rb_50,50,45.0539,123882.60,45.0538,123888.14,779.68
gpu-bursty-idle,DRAM_POWER_LIMIT_CONTROL,rb_60,50,45.0540,123895.06,45.0539,123944.68,783.49
gpu-bursty-idle,DRAM_POWER_LIMIT_CONTROL,rb_70,50,45.0539,123784.65,45.0538,123909.11,750.58
gpu-bursty-idle,DRAM_POWER_LIMIT_CONTROL,rb_80,50,45.0540,123804.14,45.0539,123852.74,757.23
gpu-bursty-idle,DRAM_POWER_LIMIT_CONTROL,rb_90,50,45.0540,123840.99,45.0538,123896.16,786.93
gpu-bursty-idle,GPU_CORE_FREQUENCY_MAX_CONTROL,default,50,45.0538,123746.60,45.0541,123811.27,789.60
gpu-bursty-idle,GPU_CORE_FREQUENCY_MAX_CONTROL,lit_0_4GHz,50,45.1048,83996.67,45.1029,84697.15,4839.58
gpu-bursty-idle,GPU_CORE_FREQUENCY_MAX_CONTROL,lit_0_6GHz,50,45.0914,84426.77,45.0917,85473.49,4761.19
gpu-bursty-idle,GPU_CORE_FREQUENCY_MAX_CONTROL,lit_0_8GHz,50,45.0863,85290.52,45.0855,86387.23,4714.79
gpu-bursty-idle,GPU_CORE_FREQUENCY_MAX_CONTROL,lit_1_0GHz,50,45.0843,86143.07,45.0833,87040.14,4657.70
gpu-bursty-idle,GPU_CORE_FREQUENCY_MAX_CONTROL,lit_1_2GHz,50,45.0824,86606.20,45.0818,87670.99,4673.97
gpu-bursty-idle,GPU_CORE_FREQUENCY_MAX_CONTROL,lit_1_4GHz,50,45.0763,87480.27,45.0762,88757.52,4744.68
gpu-bursty-idle,GPU_CORE_FREQUENCY_MAX_CONTROL,lit_1_6GHz,50,45.0788,88699.87,45.0781,89941.92,4691.42
gpu-bursty-idle,GPU_POWER_TIME_WINDOW_CONTROL,default,50,45.0539,123750.80,45.0540,123884.21,775.33
gpu-bursty-idle,GPU_POWER_TIME_WINDOW_CONTROL,rb_double,50,45.0539,123780.43,45.0541,123883.12,758.83
gpu-bursty-idle,GPU_POWER_TIME_WINDOW_CONTROL,rb_half,50,45.0540,123785.60,45.0539,123899.61,774.92
gpu-bursty-idle,LEVELZERO::GPU_CORE_PERFORMANCE_FACTOR_CONTROL,default,50,45.0540,123523.58,45.0540,123664.93,823.81
gpu-bursty-idle,LEVELZERO::GPU_CORE_PERFORMANCE_FACTOR_CONTROL,lit_0_0,50,45.0539,123643.54,45.0538,123741.25,740.50
gpu-bursty-idle,LEVELZERO::GPU_CORE_PERFORMANCE_FACTOR_CONTROL,lit_0_2,50,45.0539,123683.66,45.0538,123792.50,773.03
gpu-bursty-idle,LEVELZERO::GPU_CORE_PERFORMANCE_FACTOR_CONTROL,lit_0_4,50,45.0540,123815.94,45.0540,123823.49,752.07
gpu-bursty-idle,LEVELZERO::GPU_CORE_PERFORMANCE_FACTOR_CONTROL,lit_0_5,50,45.0538,123747.31,45.0538,123821.03,784.60
gpu-bursty-idle,LEVELZERO::GPU_CORE_PERFORMANCE_FACTOR_CONTROL,lit_0_6,50,45.0544,119752.79,45.0542,119731.45,737.05
gpu-bursty-idle,LEVELZERO::GPU_CORE_PERFORMANCE_FACTOR_CONTROL,lit_0_8,50,45.0556,111269.03,45.0556,111166.38,635.43
gpu-bursty-idle,LEVELZERO::GPU_CORE_PERFORMANCE_FACTOR_CONTROL,lit_1_0,50,45.0591,99925.44,45.0591,99912.39,529.76
mpi-idle-wait,BOARD_POWER_LIMIT_CONTROL,default,50,22.5261,45134.11,22.5261,45103.74,583.82
mpi-idle-wait,BOARD_POWER_LIMIT_CONTROL,lit_2000W,50,22.5461,35856.54,22.5714,33772.41,4349.31
mpi-idle-wait,BOARD_POWER_LIMIT_CONTROL,lit_2500W,50,22.5258,44789.58,22.5259,44837.82,376.10
mpi-idle-wait,BOARD_POWER_LIMIT_CONTROL,lit_3000W,50,22.5260,44962.04,22.5260,44917.41,390.97
mpi-idle-wait,BOARD_POWER_LIMIT_CONTROL,lit_3500W,50,22.5261,44830.99,22.5260,44840.93,405.00
mpi-idle-wait,BOARD_POWER_LIMIT_CONTROL,lit_4000W,50,22.5260,44851.07,22.5259,44861.42,420.14
mpi-idle-wait,BOARD_POWER_LIMIT_CONTROL,lit_4500W,50,22.5260,44935.44,22.5260,44925.07,381.20
mpi-idle-wait,BOARD_POWER_LIMIT_CONTROL,lit_5000W,50,22.5259,44884.64,22.5258,44864.74,431.27
mpi-idle-wait,BOARD_POWER_LIMIT_CONTROL,lit_5500W,50,22.5258,44888.83,22.5259,44877.67,399.00
mpi-idle-wait,BOARD_POWER_TIME_WINDOW_CONTROL,default,50,22.5260,45408.91,22.5259,45398.06,411.28
mpi-idle-wait,BOARD_POWER_TIME_WINDOW_CONTROL,rb_double,50,22.5259,45449.36,22.5259,45448.73,370.38
mpi-idle-wait,BOARD_POWER_TIME_WINDOW_CONTROL,rb_half,50,22.5258,45465.49,22.5259,45444.13,391.43
mpi-idle-wait,CPU_FREQUENCY_MAX_CONTROL,default,50,22.5260,45045.30,22.5258,45100.16,410.13
mpi-idle-wait,CPU_FREQUENCY_MAX_CONTROL,lit_1_0GHz,50,22.5698,34485.39,22.5702,34479.17,332.85
mpi-idle-wait,CPU_FREQUENCY_MAX_CONTROL,lit_1_2GHz,50,22.5795,36111.67,22.5794,36098.03,337.04
mpi-idle-wait,CPU_FREQUENCY_MAX_CONTROL,lit_1_6GHz,50,22.5438,38101.85,22.5443,38091.89,320.02
mpi-idle-wait,CPU_FREQUENCY_MAX_CONTROL,lit_2_0GHz,50,22.5273,42602.65,22.5265,42619.47,403.15
mpi-idle-wait,CPU_FREQUENCY_MAX_CONTROL,lit_2_5GHz,50,22.5331,43731.64,22.5330,43756.02,385.31
mpi-idle-wait,CPU_FREQUENCY_MAX_CONTROL,lit_3_0GHz,50,22.5302,44507.52,22.5301,44539.18,357.45
mpi-idle-wait,CPU_FREQUENCY_MAX_CONTROL,lit_3_5GHz,50,22.5260,45139.03,22.5259,45171.09,399.67
mpi-idle-wait,CPU_POWER_LIMIT_CONTROL,default,50,22.5259,44888.51,22.5258,44858.43,399.88
mpi-idle-wait,CPU_POWER_LIMIT_CONTROL,tdp_100,50,22.5260,44901.03,22.5258,44890.85,392.95
mpi-idle-wait,CPU_POWER_LIMIT_CONTROL,tdp_30,42,22.6745,3762.68,22.6743,3872.27,1669.29
mpi-idle-wait,CPU_POWER_LIMIT_CONTROL,tdp_40,49,22.6732,4444.06,22.6732,4636.22,1693.86
mpi-idle-wait,CPU_POWER_LIMIT_CONTROL,tdp_50,50,22.5602,40523.99,22.5628,40576.86,609.74
mpi-idle-wait,CPU_POWER_LIMIT_CONTROL,tdp_60,50,22.5354,42986.81,22.5359,43004.66,261.07
mpi-idle-wait,CPU_POWER_LIMIT_CONTROL,tdp_70,50,22.5307,44278.19,22.5308,44311.87,320.91
mpi-idle-wait,CPU_POWER_LIMIT_CONTROL,tdp_80,50,22.5258,44962.75,22.5259,44914.43,429.06
mpi-idle-wait,CPU_POWER_LIMIT_CONTROL,tdp_90,50,22.5260,44909.74,22.5260,44899.23,372.91
mpi-idle-wait,CPU_POWER_TIME_WINDOW_CONTROL,default,50,22.5261,45427.61,22.5260,45398.35,444.76
mpi-idle-wait,CPU_POWER_TIME_WINDOW_CONTROL,rb_double,50,22.5260,45499.53,22.5258,45475.99,352.51
mpi-idle-wait,CPU_POWER_TIME_WINDOW_CONTROL,rb_half,50,22.5262,45478.06,22.5261,45476.29,342.22
mpi-idle-wait,CPU_UNCORE_FREQUENCY_MAX_CONTROL,default,50,22.5258,45277.29,22.5258,45149.62,645.61
mpi-idle-wait,CPU_UNCORE_FREQUENCY_MAX_CONTROL,lit_0_8GHz,50,22.5271,42255.04,22.5270,42293.90,315.62
mpi-idle-wait,CPU_UNCORE_FREQUENCY_MAX_CONTROL,lit_1_2GHz,50,22.5264,43015.16,22.5264,42991.88,296.07
mpi-idle-wait,CPU_UNCORE_FREQUENCY_MAX_CONTROL,lit_1_6GHz,50,22.5262,43544.18,22.5262,43525.91,304.04
mpi-idle-wait,CPU_UNCORE_FREQUENCY_MAX_CONTROL,lit_2_0GHz,50,22.5260,44421.80,22.5260,44409.27,328.59
mpi-idle-wait,CPU_UNCORE_FREQUENCY_MAX_CONTROL,lit_2_3GHz,50,22.5260,45406.33,22.5259,45352.04,364.48
mpi-idle-wait,DRAM_POWER_LIMIT_CONTROL,default,50,22.5262,44897.05,22.5259,44843.29,426.41
mpi-idle-wait,DRAM_POWER_LIMIT_CONTROL,rb_100,50,22.5258,44970.16,22.5258,44936.89,415.14
mpi-idle-wait,DRAM_POWER_LIMIT_CONTROL,rb_30,50,22.5258,44965.11,22.5259,44996.15,423.23
mpi-idle-wait,DRAM_POWER_LIMIT_CONTROL,rb_40,50,22.5259,45006.04,22.5259,44995.55,339.12
mpi-idle-wait,DRAM_POWER_LIMIT_CONTROL,rb_50,50,22.5260,44868.21,22.5259,44900.49,402.94
mpi-idle-wait,DRAM_POWER_LIMIT_CONTROL,rb_60,50,22.5260,44815.25,22.5259,44810.05,424.86
mpi-idle-wait,DRAM_POWER_LIMIT_CONTROL,rb_70,50,22.5259,44820.87,22.5259,44850.85,403.14
mpi-idle-wait,DRAM_POWER_LIMIT_CONTROL,rb_80,50,22.5260,44892.85,22.5259,44897.35,381.36
mpi-idle-wait,DRAM_POWER_LIMIT_CONTROL,rb_90,50,22.5258,44821.11,22.5258,44842.47,416.81
mpi-idle-wait,GPU_CORE_FREQUENCY_MAX_CONTROL,default,50,22.5260,45273.77,22.5260,45331.01,417.18
mpi-idle-wait,GPU_CORE_FREQUENCY_MAX_CONTROL,lit_0_4GHz,50,22.5260,39227.08,22.5258,38892.70,1889.44
mpi-idle-wait,GPU_CORE_FREQUENCY_MAX_CONTROL,lit_0_6GHz,50,22.5262,39281.17,22.5260,39042.89,1842.70
mpi-idle-wait,GPU_CORE_FREQUENCY_MAX_CONTROL,lit_0_8GHz,50,22.5256,39469.53,22.5256,39252.81,1760.28
mpi-idle-wait,GPU_CORE_FREQUENCY_MAX_CONTROL,lit_1_0GHz,50,22.5259,39682.00,22.5258,39445.00,1675.01
mpi-idle-wait,GPU_CORE_FREQUENCY_MAX_CONTROL,lit_1_2GHz,50,22.5258,40014.19,22.5258,39770.32,1592.65
mpi-idle-wait,GPU_CORE_FREQUENCY_MAX_CONTROL,lit_1_4GHz,50,22.5260,40405.02,22.5259,40145.25,1346.69
mpi-idle-wait,GPU_CORE_FREQUENCY_MAX_CONTROL,lit_1_6GHz,50,22.5256,38906.07,22.5258,38789.90,1795.76
mpi-idle-wait,GPU_POWER_TIME_WINDOW_CONTROL,default,50,22.5258,45473.14,22.5257,45471.52,350.18
mpi-idle-wait,GPU_POWER_TIME_WINDOW_CONTROL,rb_double,50,22.5256,45451.01,22.5257,45392.09,394.00
mpi-idle-wait,GPU_POWER_TIME_WINDOW_CONTROL,rb_half,50,22.5260,45530.19,22.5258,45495.75,355.63
mpi-idle-wait,LEVELZERO::GPU_CORE_PERFORMANCE_FACTOR_CONTROL,default,50,22.5258,45456.79,22.5258,45432.86,366.32
mpi-idle-wait,LEVELZERO::GPU_CORE_PERFORMANCE_FACTOR_CONTROL,lit_0_0,50,22.5260,45400.53,22.5262,45445.66,365.23
mpi-idle-wait,LEVELZERO::GPU_CORE_PERFORMANCE_FACTOR_CONTROL,lit_0_2,50,22.5261,45406.39,22.5260,45429.05,351.09
mpi-idle-wait,LEVELZERO::GPU_CORE_PERFORMANCE_FACTOR_CONTROL,lit_0_4,50,22.5260,45379.22,22.5260,45402.34,382.00
mpi-idle-wait,LEVELZERO::GPU_CORE_PERFORMANCE_FACTOR_CONTROL,lit_0_5,50,22.5259,45430.53,22.5261,45432.53,405.58
mpi-idle-wait,LEVELZERO::GPU_CORE_PERFORMANCE_FACTOR_CONTROL,lit_0_6,50,22.5258,44496.84,22.5259,44525.13,347.00
mpi-idle-wait,LEVELZERO::GPU_CORE_PERFORMANCE_FACTOR_CONTROL,lit_0_8,50,22.5260,42069.74,22.5259,42070.34,317.90
mpi-idle-wait,LEVELZERO::GPU_CORE_PERFORMANCE_FACTOR_CONTROL,lit_1_0,50,22.5256,39132.30,22.5258,39113.35,344.20
osu,BOARD_POWER_LIMIT_CONTROL,default,50,28.7939,65593.51,28.7862,65801.47,867.17
osu,BOARD_POWER_LIMIT_CONTROL,lit_2000W,50,57.2844,107118.02,71.0158,134503.01,56381.92
osu,BOARD_POWER_LIMIT_CONTROL,lit_2500W,50,28.7951,64675.82,28.7684,64770.26,628.96
osu,BOARD_POWER_LIMIT_CONTROL,lit_3000W,50,28.8259,64920.04,28.8115,64911.18,650.05
osu,BOARD_POWER_LIMIT_CONTROL,lit_3500W,50,28.7088,64672.56,28.7258,64735.71,527.96
osu,BOARD_POWER_LIMIT_CONTROL,lit_4000W,50,28.7972,64882.03,28.8103,64877.53,510.68
osu,BOARD_POWER_LIMIT_CONTROL,lit_4500W,50,28.7627,64735.08,28.7754,64843.17,567.28
osu,BOARD_POWER_LIMIT_CONTROL,lit_5000W,50,28.8312,64899.30,28.8105,64947.25,572.80
osu,BOARD_POWER_LIMIT_CONTROL,lit_5500W,50,28.8357,64878.51,28.8257,64917.23,643.69
osu,BOARD_POWER_TIME_WINDOW_CONTROL,default,50,28.8384,65669.28,28.8162,65702.95,553.95
osu,BOARD_POWER_TIME_WINDOW_CONTROL,rb_double,50,28.8409,65647.02,28.8095,65654.25,508.79
osu,BOARD_POWER_TIME_WINDOW_CONTROL,rb_half,50,28.7799,65489.93,28.8102,65644.34,682.70
osu,CPU_FREQUENCY_MAX_CONTROL,default,50,28.7231,64992.57,28.7557,65116.91,670.67
osu,CPU_FREQUENCY_MAX_CONTROL,lit_1_0GHz,50,88.3563,180170.90,88.3112,180493.31,1837.22
osu,CPU_FREQUENCY_MAX_CONTROL,lit_1_2GHz,50,78.0714,160122.80,78.1441,160288.11,1351.64
osu,CPU_FREQUENCY_MAX_CONTROL,lit_1_6GHz,50,65.3238,135193.02,65.3809,135010.22,1494.97
osu,CPU_FREQUENCY_MAX_CONTROL,lit_2_0GHz,50,40.9354,90757.18,40.9445,90871.64,685.59
osu,CPU_FREQUENCY_MAX_CONTROL,lit_2_5GHz,50,34.6569,77525.86,34.6957,77495.52,756.38
osu,CPU_FREQUENCY_MAX_CONTROL,lit_3_0GHz,50,31.3533,70421.21,31.2869,70414.99,536.37
osu,CPU_FREQUENCY_MAX_CONTROL,lit_3_5GHz,50,28.7702,65275.96,28.7745,65252.58,506.43
osu,CPU_POWER_LIMIT_CONTROL,default,50,28.8015,64786.91,28.7926,64912.49,580.25
osu,CPU_POWER_LIMIT_CONTROL,tdp_100,50,28.7241,64760.01,28.7460,64788.02,550.82
osu,CPU_POWER_LIMIT_CONTROL,tdp_30,50,292.0975,583599.65,292.0898,583665.37,4348.09
osu,CPU_POWER_LIMIT_CONTROL,tdp_40,50,292.3580,584693.90,292.4210,584451.21,4304.58
osu,CPU_POWER_LIMIT_CONTROL,tdp_50,50,95.3436,202245.37,100.2872,212631.84,38927.98
osu,CPU_POWER_LIMIT_CONTROL,tdp_60,50,49.2100,107226.62,48.9430,106513.25,4285.19
osu,CPU_POWER_LIMIT_CONTROL,tdp_70,50,36.3792,80498.89,36.3449,80533.87,1796.11
osu,CPU_POWER_LIMIT_CONTROL,tdp_80,50,31.1637,69720.00,31.2738,69922.10,1352.88
osu,CPU_POWER_LIMIT_CONTROL,tdp_90,50,28.7959,64736.08,28.7849,64872.03,660.46
osu,CPU_POWER_TIME_WINDOW_CONTROL,default,50,28.7876,65476.74,28.7913,65600.29,631.67
osu,CPU_POWER_TIME_WINDOW_CONTROL,rb_double,50,28.7858,65517.22,28.7609,65538.39,560.16
osu,CPU_POWER_TIME_WINDOW_CONTROL,rb_half,50,28.7312,65356.95,28.7336,65485.29,560.73
osu,CPU_UNCORE_FREQUENCY_MAX_CONTROL,default,50,28.8819,65813.59,28.9497,65751.52,1070.00
osu,CPU_UNCORE_FREQUENCY_MAX_CONTROL,lit_0_8GHz,50,48.0936,102896.84,47.9876,102913.03,1450.20
osu,CPU_UNCORE_FREQUENCY_MAX_CONTROL,lit_1_2GHz,50,37.4881,80672.80,37.5000,80923.76,1041.24
osu,CPU_UNCORE_FREQUENCY_MAX_CONTROL,lit_1_6GHz,50,32.7387,71634.53,32.8093,71664.98,731.09
osu,CPU_UNCORE_FREQUENCY_MAX_CONTROL,lit_2_0GHz,50,30.1209,67113.50,30.1365,67186.43,503.71
osu,CPU_UNCORE_FREQUENCY_MAX_CONTROL,lit_2_3GHz,50,28.7974,65546.09,28.7625,65471.71,706.77
osu,DRAM_POWER_LIMIT_CONTROL,default,50,28.8083,64957.86,28.8040,64937.64,539.79
osu,DRAM_POWER_LIMIT_CONTROL,rb_100,50,28.7960,64796.04,28.7811,64863.07,608.25
osu,DRAM_POWER_LIMIT_CONTROL,rb_30,50,28.8263,65120.21,28.8252,65184.25,581.20
osu,DRAM_POWER_LIMIT_CONTROL,rb_40,50,28.7782,65067.33,28.7851,64994.55,584.84
osu,DRAM_POWER_LIMIT_CONTROL,rb_50,50,28.7957,64930.42,28.8080,64978.62,602.19
osu,DRAM_POWER_LIMIT_CONTROL,rb_60,50,28.7419,64812.62,28.7681,64879.03,580.51
osu,DRAM_POWER_LIMIT_CONTROL,rb_70,50,28.7668,64842.34,28.7729,64862.07,543.48
osu,DRAM_POWER_LIMIT_CONTROL,rb_80,50,28.7931,64925.42,28.7925,64926.46,556.09
osu,DRAM_POWER_LIMIT_CONTROL,rb_90,50,28.8056,64895.01,28.7943,64915.60,506.32
osu,GPU_CORE_FREQUENCY_MAX_CONTROL,default,50,28.7581,65628.83,28.7750,65558.31,529.49
osu,GPU_CORE_FREQUENCY_MAX_CONTROL,lit_0_4GHz,50,28.7449,55766.65,28.7873,55501.24,2723.05
osu,GPU_CORE_FREQUENCY_MAX_CONTROL,lit_0_6GHz,50,28.8009,56368.52,28.8247,55762.47,2752.75
osu,GPU_CORE_FREQUENCY_MAX_CONTROL,lit_0_8GHz,50,28.7850,56415.80,28.7978,56028.04,2641.05
osu,GPU_CORE_FREQUENCY_MAX_CONTROL,lit_1_0GHz,50,28.8205,56787.21,28.7998,56500.42,2376.06
osu,GPU_CORE_FREQUENCY_MAX_CONTROL,lit_1_2GHz,50,28.7520,57359.31,28.7815,56864.65,2407.75
osu,GPU_CORE_FREQUENCY_MAX_CONTROL,lit_1_4GHz,50,28.7940,57959.47,28.8084,57724.00,2157.89
osu,GPU_CORE_FREQUENCY_MAX_CONTROL,lit_1_6GHz,50,28.8383,55681.77,28.8111,55609.67,2687.85
osu,GPU_POWER_TIME_WINDOW_CONTROL,default,50,28.7807,65597.02,28.7929,65611.80,657.55
osu,GPU_POWER_TIME_WINDOW_CONTROL,rb_double,50,28.8402,65559.95,28.8068,65629.22,596.68
osu,GPU_POWER_TIME_WINDOW_CONTROL,rb_half,50,28.7012,65383.83,28.7261,65471.97,501.51
osu,LEVELZERO::GPU_CORE_PERFORMANCE_FACTOR_CONTROL,default,50,28.8504,65845.92,28.8722,65819.59,632.36
osu,LEVELZERO::GPU_CORE_PERFORMANCE_FACTOR_CONTROL,lit_0_0,50,28.8247,65520.12,28.8033,65640.09,582.97
osu,LEVELZERO::GPU_CORE_PERFORMANCE_FACTOR_CONTROL,lit_0_2,50,28.7638,65600.28,28.8075,65667.76,604.08
osu,LEVELZERO::GPU_CORE_PERFORMANCE_FACTOR_CONTROL,lit_0_4,50,28.7745,65578.90,28.7721,65576.22,599.62
osu,LEVELZERO::GPU_CORE_PERFORMANCE_FACTOR_CONTROL,lit_0_5,50,28.7340,65636.93,28.7890,65607.10,569.65
osu,LEVELZERO::GPU_CORE_PERFORMANCE_FACTOR_CONTROL,lit_0_6,50,28.7858,64379.24,28.8088,64402.59,605.29
osu,LEVELZERO::GPU_CORE_PERFORMANCE_FACTOR_CONTROL,lit_0_8,50,28.7889,60820.60,28.7797,60855.72,522.99
osu,LEVELZERO::GPU_CORE_PERFORMANCE_FACTOR_CONTROL,lit_1_0,50,28.7923,56744.64,28.8108,56790.99,448.89
stream,BOARD_POWER_LIMIT_CONTROL,default,50,9.9081,11316.25,10.1173,11429.56,593.08
stream,BOARD_POWER_LIMIT_CONTROL,lit_2000W,8,10.8564,3362.43,10.7508,3318.00,2010.58
stream,BOARD_POWER_LIMIT_CONTROL,lit_2500W,50,9.9479,10083.41,9.9741,10082.52,491.08
stream,BOARD_POWER_LIMIT_CONTROL,lit_3000W,50,9.9310,10965.50,9.9309,10984.30,472.93
stream,BOARD_POWER_LIMIT_CONTROL,lit_3500W,50,9.9433,11100.08,9.9378,11031.02,440.89
stream,BOARD_POWER_LIMIT_CONTROL,lit_4000W,50,9.9382,11052.74,9.9310,11040.93,488.37
stream,BOARD_POWER_LIMIT_CONTROL,lit_4500W,50,9.9403,11051.43,9.9503,11050.33,420.81
stream,BOARD_POWER_LIMIT_CONTROL,lit_5000W,50,9.9458,11241.32,9.9442,11213.24,312.60
stream,BOARD_POWER_LIMIT_CONTROL,lit_5500W,50,9.9420,11163.83,9.9395,11214.16,331.13
stream,BOARD_POWER_TIME_WINDOW_CONTROL,default,50,9.9320,10987.74,9.9333,10985.01,392.75
stream,BOARD_POWER_TIME_WINDOW_CONTROL,rb_double,50,9.9373,10933.50,9.9380,10902.22,407.58
stream,BOARD_POWER_TIME_WINDOW_CONTROL,rb_half,50,9.9416,10836.64,9.9413,10854.87,459.46
stream,CPU_FREQUENCY_MAX_CONTROL,default,50,9.9751,11155.68,9.9753,11114.88,456.73
stream,CPU_FREQUENCY_MAX_CONTROL,lit_1_0GHz,50,9.9758,3537.00,9.9937,3535.29,353.48
stream,CPU_FREQUENCY_MAX_CONTROL,lit_1_2GHz,50,9.9325,5925.54,9.9341,5919.17,244.30
stream,CPU_FREQUENCY_MAX_CONTROL,lit_1_6GHz,50,9.9223,9090.38,9.9289,9133.54,320.45
stream,CPU_FREQUENCY_MAX_CONTROL,lit_2_0GHz,50,9.9585,10776.23,9.9511,10717.35,373.14
stream,CPU_FREQUENCY_MAX_CONTROL,lit_2_5GHz,50,9.9256,11119.66,9.9287,11124.05,400.00
stream,CPU_FREQUENCY_MAX_CONTROL,lit_3_0GHz,50,9.9349,11173.15,9.9327,11138.16,397.11
stream,CPU_FREQUENCY_MAX_CONTROL,lit_3_5GHz,50,9.9630,11173.97,9.9636,11208.43,453.86
stream,CPU_POWER_LIMIT_CONTROL,default,50,9.9304,11172.76,9.9282,11226.10,396.20
stream,CPU_POWER_LIMIT_CONTROL,tdp_100,50,9.9357,11104.57,9.9343,11059.48,428.51
stream,CPU_POWER_LIMIT_CONTROL,tdp_60,1,18.2064,2138.26,18.2064,2138.26,0.00
stream,CPU_POWER_LIMIT_CONTROL,tdp_70,44,12.1397,1668.58,12.2161,2165.24,1549.91
stream,CPU_POWER_LIMIT_CONTROL,tdp_80,50,10.8743,7818.54,10.8879,7996.77,1358.91
stream,CPU_POWER_LIMIT_CONTROL,tdp_90,50,10.3330,10504.15,10.4307,10521.51,1174.49
stream,CPU_POWER_TIME_WINDOW_CONTROL,default,50,9.9449,10889.60,9.9372,10839.93,437.00
stream,CPU_POWER_TIME_WINDOW_CONTROL,rb_double,50,9.9372,11014.10,9.9351,10946.17,435.63
stream,CPU_POWER_TIME_WINDOW_CONTROL,rb_half,50,9.9445,10895.19,9.9426,10814.93,458.49
stream,CPU_UNCORE_FREQUENCY_MAX_CONTROL,default,50,9.9424,10862.39,9.9319,10933.05,430.04
stream,CPU_UNCORE_FREQUENCY_MAX_CONTROL,lit_0_8GHz,50,15.5898,23708.66,15.5907,23662.81,427.75
stream,CPU_UNCORE_FREQUENCY_MAX_CONTROL,lit_1_2GHz,50,11.0855,14897.17,11.0808,14860.70,356.52
stream,CPU_UNCORE_FREQUENCY_MAX_CONTROL,lit_1_6GHz,50,10.0684,12663.55,10.0604,12630.23,310.79
stream,CPU_UNCORE_FREQUENCY_MAX_CONTROL,lit_2_0GHz,50,9.8869,11549.87,9.8807,11486.65,388.81
stream,CPU_UNCORE_FREQUENCY_MAX_CONTROL,lit_2_3GHz,50,9.9517,11056.40,9.9443,11012.70,363.76
stream,DRAM_POWER_LIMIT_CONTROL,default,50,9.9528,11201.57,9.9508,11133.96,475.32
stream,DRAM_POWER_LIMIT_CONTROL,rb_100,50,9.9459,11123.73,9.9392,11110.62,377.25
stream,DRAM_POWER_LIMIT_CONTROL,rb_30,50,9.9445,11041.84,9.9333,11027.40,419.39
stream,DRAM_POWER_LIMIT_CONTROL,rb_40,50,9.9414,10939.87,9.9425,11019.94,349.66
stream,DRAM_POWER_LIMIT_CONTROL,rb_50,50,9.9558,11121.66,9.9586,11136.25,413.17
stream,DRAM_POWER_LIMIT_CONTROL,rb_60,50,9.9519,11242.56,10.0935,11422.70,935.44
stream,DRAM_POWER_LIMIT_CONTROL,rb_70,50,9.9532,11059.85,9.9413,11060.75,413.80
stream,DRAM_POWER_LIMIT_CONTROL,rb_80,50,9.9485,11177.75,9.9451,11149.34,392.93
stream,DRAM_POWER_LIMIT_CONTROL,rb_90,50,9.9421,11068.04,9.9410,11117.32,336.88
stream,GPU_CORE_FREQUENCY_MAX_CONTROL,default,50,9.9374,10949.15,9.9292,10945.58,354.44
stream,GPU_CORE_FREQUENCY_MAX_CONTROL,lit_0_4GHz,50,9.9398,9303.84,9.9271,9244.82,506.29
stream,GPU_CORE_FREQUENCY_MAX_CONTROL,lit_0_6GHz,50,9.9437,9405.55,9.9343,9370.21,501.56
stream,GPU_CORE_FREQUENCY_MAX_CONTROL,lit_0_8GHz,50,9.9441,9596.71,9.9389,9528.89,486.45
stream,GPU_CORE_FREQUENCY_MAX_CONTROL,lit_1_0GHz,50,9.9337,9738.70,9.9381,9684.54,364.68
stream,GPU_CORE_FREQUENCY_MAX_CONTROL,lit_1_2GHz,50,9.9307,9859.56,9.9332,9894.71,390.46
stream,GPU_CORE_FREQUENCY_MAX_CONTROL,lit_1_4GHz,50,9.9285,10227.84,9.9281,10214.94,418.16
stream,GPU_CORE_FREQUENCY_MAX_CONTROL,lit_1_6GHz,50,9.9437,9662.99,9.9380,9711.84,478.98
stream,GPU_POWER_TIME_WINDOW_CONTROL,default,50,9.9397,10885.27,9.9397,10838.85,414.14
stream,GPU_POWER_TIME_WINDOW_CONTROL,rb_double,50,9.9401,10831.87,9.9377,10876.32,376.01
stream,GPU_POWER_TIME_WINDOW_CONTROL,rb_half,50,9.9373,11001.43,9.9357,10974.89,421.48
stream,LEVELZERO::GPU_CORE_PERFORMANCE_FACTOR_CONTROL,default,50,9.9301,10969.42,9.9294,10968.13,418.46
stream,LEVELZERO::GPU_CORE_PERFORMANCE_FACTOR_CONTROL,lit_0_0,50,9.9378,11148.86,9.9314,11082.09,340.48
stream,LEVELZERO::GPU_CORE_PERFORMANCE_FACTOR_CONTROL,lit_0_2,50,9.9448,10931.55,9.9401,10966.05,344.07
stream,LEVELZERO::GPU_CORE_PERFORMANCE_FACTOR_CONTROL,lit_0_4,50,9.9383,10964.10,9.9321,10929.51,425.93
stream,LEVELZERO::GPU_CORE_PERFORMANCE_FACTOR_CONTROL,lit_0_5,50,9.9249,11005.72,9.9225,10959.71,393.95
stream,LEVELZERO::GPU_CORE_PERFORMANCE_FACTOR_CONTROL,lit_0_6,50,9.9297,10804.64,9.9387,10809.19,388.75
stream,LEVELZERO::GPU_CORE_PERFORMANCE_FACTOR_CONTROL,lit_0_8,50,9.9449,10381.87,9.9509,10353.62,395.05
stream,LEVELZERO::GPU_CORE_PERFORMANCE_FACTOR_CONTROL,lit_1_0,50,9.9306,9611.99,9.9301,9636.26,367.21
